"Id","Subject","StartTime","EndTime","IsAllDay","ProjectId","TaskId"
1,"Workflow Analysis","2023-01-01T04:00:00.000Z","2023-01-01T06:30:00.000Z",false,1,2
2,"Requirement planning","2023-01-01T07:00:00.000Z","2023-01-01T09:15:00.000Z",false,1,1
3,"Quality Analysis","2023-01-02T04:30:00.000Z","2023-01-02T07:00:00.000Z",false,1,1
4,"Resource planning","2023-01-02T07:30:00.000Z","2023-01-02T10:00:00.000Z",false,2,2
5,"Timeline estimation","2023-01-03T03:30:00.000Z","2023-01-03T06:00:00.000Z",false,1,1
6,"Developers Meeting","2023-01-03T03:30:00.000Z","2023-01-03T06:00:00.000Z",false,1,2
7,"Project Review","2023-01-04T05:45:00.000Z","2023-01-04T07:30:00.000Z",false,2,1
8,"Manual testing","2023-01-04T03:45:00.000Z","2023-01-04T06:15:00.000Z",false,1,2
9,"Project Preview","2023-01-05T04:00:00.000Z","2023-01-05T07:15:00.000Z",false,2,1
10,"Cross-browser testing","2023-01-05T08:15:00.000Z","2023-01-05T11:00:00.000Z",false,2,2
11,"Bug Automation","2023-01-06T04:30:00.000Z","2023-01-06T06:45:00.000Z",false,1,1
12,"Functionality testing","2023-01-06T03:30:00.000Z","2023-01-06T06:00:00.000Z",false,2,2
13,"Resolution-based testing","2023-01-07T07:30:00.000Z","2023-01-07T09:45:00.000Z",false,2,1
14,"Test report validation","2023-01-07T03:30:00.000Z","2023-01-07T05:30:00.000Z",false,2,2
15,"Test case correction","2023-01-08T04:15:00.000Z","2023-01-08T06:00:00.000Z",false,1,1
16,"Run test cases","2023-01-08T05:00:00.000Z","2023-01-08T07:30:00.000Z",false,2,2
17,"Quality Analysis","2023-01-09T06:30:00.000Z","2023-01-09T10:00:00.000Z",false,1,1
18,"Debugging","2023-01-09T03:30:00.000Z","2023-01-09T05:45:00.000Z",false,2,2
19,"Exception handling","2023-01-10T04:40:00.000Z","2023-01-10T08:00:00.000Z",false,2,2
20,"Decoding","2023-01-10T05:00:00.000Z","2023-01-10T07:00:00.000Z",false,2,2
21,"Workflow Analysis","2023-01-11T04:00:00.000Z","2023-01-11T06:00:00.000Z",false,1,1
22,"Requirement planning","2023-01-11T07:00:00.000Z","2023-01-11T09:15:00.000Z",false,1,2
23,"Quality Analysis","2023-01-12T04:30:00.000Z","2023-01-12T07:00:00.000Z",false,2,1
24,"Resource planning","2023-01-12T07:30:00.000Z","2023-01-12T09:00:00.000Z",false,1,2
25,"Timeline estimation","2023-01-13T03:30:00.000Z","2023-01-13T05:30:00.000Z",false,1,1
26,"Developers Meeting","2023-01-13T08:30:00.000Z","2023-01-13T10:15:00.000Z",false,1,2
27,"Project Review","2023-01-14T05:30:00.000Z","2023-01-14T07:30:00.000Z",false,2,1
28,"Manual testing","2023-01-14T03:30:00.000Z","2023-01-14T06:00:00.000Z",false,2,2
29,"Project Preview","2023-01-15T04:00:00.000Z","2023-01-15T05:30:00.000Z",false,2,1
30,"Cross-browser testing","2023-01-15T08:30:00.000Z","2023-01-15T11:00:00.000Z",false,2,2
31,"Bug Automation","2023-01-16T04:30:00.000Z","2023-01-16T05:30:00.000Z",false,1,1
32,"Functionality testing","2023-01-16T03:30:00.000Z","2023-01-16T06:00:00.000Z",false,2,2
33,"Resolution-based testing","2023-01-17T08:30:00.000Z","2023-01-17T09:30:00.000Z",false,2,1
34,"Test report validation","2023-01-17T03:30:00.000Z","2023-01-17T05:30:00.000Z",false,1,2
35,"Test case correction","2023-01-18T04:30:00.000Z","2023-01-18T06:00:00.000Z",false,2,1
36,"Run test cases","2023-01-18T04:30:00.000Z","2023-01-18T05:00:00.000Z",false,1,2
37,"Bug fixing","2023-01-09T04:30:00.000Z","2023-01-09T05:00:00.000Z",false,2,1
38,"Debugging","2023-01-19T03:30:00.000Z","2023-01-19T05:00:00.000Z",false,2,2
39,"Exception handling","2023-01-20T04:30:00.000Z","2023-01-20T05:30:00.000Z",false,1,1
40,"Decoding","2023-01-20T05:00:00.000Z","2023-01-20T07:00:00.000Z",false,2,2
41,"Workflow Analysis","2023-01-21T04:00:00.000Z","2023-01-21T06:00:00.000Z",false,1,1
42,"Requirement planning","2023-01-21T07:00:00.000Z","2023-01-21T08:15:00.000Z",false,1,2
43,"Quality Analysis","2023-01-22T04:30:00.000Z","2023-01-22T06:00:00.000Z",false,1,1
44,"Resource planning","2023-01-03T04:30:00.000Z","2023-01-03T07:00:00.000Z",false,3,2
45,"Timeline estimation","2023-01-04T03:30:00.000Z","2023-01-04T05:30:00.000Z",false,3,1
46,"Developers Meeting","2023-01-04T09:00:00.000Z","2023-01-04T11:00:00.000Z",false,3,2
47,"Project Review","2023-01-04T08:30:00.000Z","2023-01-04T10:30:00.000Z",false,3,1
48,"Manual testing","2023-01-04T12:00:00.000Z","2023-01-04T14:00:00.000Z",false,3,2
49,"Project Preview","2023-01-04T12:30:00.000Z","2023-01-04T14:30:00.000Z",false,3,1
50,"Cross-browser testing","2023-01-25T08:30:00.000Z","2023-01-25T10:00:00.000Z",false,2,2
51,"Bug Automation","2023-01-26T04:30:00.000Z","2023-01-26T05:30:00.000Z",false,1,1
52,"Functionality testing","2023-01-26T03:30:00.000Z","2023-01-26T06:00:00.000Z",false,1,2
53,"Resolution-based testing","2023-01-27T08:30:00.000Z","2023-01-27T09:30:00.000Z",false,2,1
54,"Test report validation","2023-01-27T03:30:00.000Z","2023-01-27T05:30:00.000Z",false,2,2
55,"Test case correction","2023-01-28T04:30:00.000Z","2023-01-28T06:00:00.000Z",false,1,1
56,"Run test cases","2023-01-28T04:30:00.000Z","2023-01-28T05:00:00.000Z",false,2,2
57,"Bug fixing","2023-01-29T06:30:00.000Z","2023-01-29T07:00:00.000Z",false,1,1
58,"Debugging","2023-01-29T03:30:00.000Z","2023-01-29T05:00:00.000Z",false,2,2
59,"Exception handling","2023-01-30T04:30:00.000Z","2023-01-30T05:30:00.000Z",false,2,1
60,"Decoding","2023-01-30T05:00:00.000Z","2023-01-30T07:00:00.000Z",false,2,2
61,"Decoding","2023-01-04T04:00:00.000Z","2023-01-04T05:00:00.000Z",false,2,2
62,"Bug Automation","2023-01-04T10:30:00.000Z","2023-01-04T14:30:00.000Z",false,2,1
63,"Functionality testing","2023-01-04T03:30:00.000Z","2023-01-04T05:00:00.000Z",false,1,1
64,"Resolution-based testing","2023-01-04T06:30:00.000Z","2023-01-04T09:30:00.000Z",false,2,4
65,"Test report validation","2023-01-04T09:30:00.000Z","2023-01-04T12:30:00.000Z",false,1,1
66,"Test case correction","2023-01-04T08:30:00.000Z","2023-01-04T10:30:00.000Z",false,3,6
67,"Bug fixing","2023-01-04T09:00:00.000Z","2023-01-04T13:00:00.000Z",false,3,5
68,"Run test cases","2023-01-04T12:00:00.000Z","2023-01-04T14:00:00.000Z",false,2,4
70,"Bug Automation","2023-01-04T10:30:00.000Z","2023-01-04T14:30:00.000Z",false,2,3